dataset,target_score,construction_mode,selection_rank,requested_activation_ratio,activation_ratio,event_id,active,line_budget,start_line_id,end_line_id,requested_entropy_per_active_slot,target_entropy_per_active_slot,achieved_entropy_per_active_slot,ground_truth_group_ld,value_counts,placeholder_count,template
Apache,0.1,ground-truth,1,0.31622776601683794,0.3333333333333333,E3,1,64,1,64,0.30000000000000004,0.30000000000000004,0.2993081353415391,0.2993081353415391,47 2 2 2 2 1 1 1 1 1 1 1 1 1,1,mod_jk child workerEnv in error state <*>
Apache,0.1,ground-truth,2,0.31622776601683794,0.3333333333333333,E2,1,64,65,128,0.30000000000000004,0.30000000000000004,0.2993081353415391,0.2993081353415391,47 2 2 2 2 1 1 1 1 1 1 1 1 1,1,workerEnv.init() ok <*>
Apache,0.1,ground-truth,3,0.31622776601683794,0.3333333333333333,E4,0,64,129,192,0.30000000000000004,0.30000000000000004,0.2993081353415391,0.0,47 2 2 2 2 1 1 1 1 1 1 1 1 1,2,[client <*>] Directory index forbidden by rule: <*>
Apache,0.1,ground-truth,4,0.31622776601683794,0.3333333333333333,E1,0,64,193,256,0.30000000000000004,0.30000000000000004,0.2993081353415391,0.0,47 2 2 2 2 1 1 1 1 1 1 1 1 1,2,jk2_init() Found child <*> in scoreboard slot <*>
Apache,0.1,ground-truth,5,0.31622776601683794,0.3333333333333333,E6,0,64,257,320,0.30000000000000004,0.30000000000000004,0.2993081353415391,0.0,47 2 2 2 2 1 1 1 1 1 1 1 1 1,2,mod_jk child init <*> <*>
Apache,0.1,ground-truth,6,0.31622776601683794,0.3333333333333333,E5,0,64,321,384,0.30000000000000004,0.30000000000000004,0.2993081353415391,0.0,47 2 2 2 2 1 1 1 1 1 1 1 1 1,1,jk2_init() Can't find child <*> in scoreboard
