dataset,target_score,construction_mode,selection_rank,requested_activation_ratio,activation_ratio,event_id,active,line_budget,start_line_id,end_line_id,requested_entropy_per_active_slot,target_entropy_per_active_slot,achieved_entropy_per_active_slot,ground_truth_group_ld,value_counts,placeholder_count,template
Proxifier,0.1,ground-truth,1,0.31622776601683794,0.375,E4,1,64,1,64,0.26666666666666666,0.26666666666666666,0.2654213540765221,0.2654213540765221,48 2 2 2 2 2 2 2 1 1,5,<*>:<*> error : Could not connect to proxy <*>:<*> - connection attempt failed with error <*>
Proxifier,0.1,ground-truth,2,0.31622776601683794,0.375,E2,1,64,65,128,0.26666666666666666,0.26666666666666666,0.2654213540765221,0.2654213540765221,48 2 2 2 2 2 2 2 1 1,4,<*>:<*> open through proxy <*>:<*> HTTPS
Proxifier,0.1,ground-truth,3,0.31622776601683794,0.375,E8,1,64,129,192,0.26666666666666666,0.26666666666666666,0.2654213540765221,0.2654213540765221,48 2 2 2 2 2 2 2 1 1,4,"<*> close, <*> bytes sent, <*> bytes received, lifetime <*>"
Proxifier,0.1,ground-truth,4,0.31622776601683794,0.375,E1,0,64,193,256,0.26666666666666666,0.26666666666666666,0.2654213540765221,0.0,48 2 2 2 2 2 2 2 1 1,4,<*>:<*> open through proxy <*>:<*> SOCKS5
Proxifier,0.1,ground-truth,5,0.31622776601683794,0.375,E6,0,64,257,320,0.26666666666666666,0.26666666666666666,0.2654213540765221,0.0,48 2 2 2 2 2 2 2 1 1,4,<*>:<*> error : Could not connect through proxy <*>:<*> - Proxy closed the connection unexpectedly.
Proxifier,0.1,ground-truth,6,0.31622776601683794,0.375,E3,0,64,321,384,0.26666666666666666,0.26666666666666666,0.2654213540765221,0.0,48 2 2 2 2 2 2 2 1 1,6,<*>:<*> error : Could not connect to proxy <*>:<*> - Could not resolve <*> error <*>
Proxifier,0.1,ground-truth,7,0.31622776601683794,0.375,E5,0,64,385,448,0.26666666666666666,0.26666666666666666,0.2654213540765221,0.0,48 2 2 2 2 2 2 2 1 1,5,"<*>:<*> error : Could not connect through proxy <*>:<*> - Proxy server cannot establish a connection with the target, status code <*>"
Proxifier,0.1,ground-truth,8,0.31622776601683794,0.375,E7,0,64,449,512,0.26666666666666666,0.26666666666666666,0.2654213540765221,0.0,48 2 2 2 2 2 2 2 1 1,2,<*>:<*> error : A connection request was canceled before the completion.
